<?xml version='1.0' encoding='UTF-8'?>  
<!DOCTYPE Plugin PUBLIC "sailpoint.dtd" "sailpoint.dtd">  
<Plugin certificationLevel="None" displayName="Hello World" minSystemVersion="7.1" name="helloWorld" version="1.0" rightRequired="">  
  <Attributes>  
    <Map>  
      <entry key="minUpgradableVersion" value="1.0" />  
      <entry key="fullPage">  
        <value>
          <FullPage title="helloWorld" />
        </value>  
      </entry>  
      <entry key="settings">  
        <value>  
          <List> 
			<Setting dataType="string" helpText="Enter Test" label="Test" name="test" defaultValue="Hello World"/> 
          </List>  
        </value>  
      </entry> 
	  <entry key="snippets">  
        <value>  
          <List>  
            <Snippet regexPattern=".*" rightRequired="CTS_CustomSPRIGHT_UserReports">  
              <Scripts>  
                <String>ui/js/headerInject.js</String>  
              </Scripts>
            </Snippet>  
          </List>  
        </value>  
      </entry> 	  
     </Map>  
  </Attributes>  
</Plugin>  